{"cameraMode":{"drawMode":0,"name":"Shaded","section":"Shading Mode"},"sceneLighting":false,"audioPlay":false,"sceneViewState":{"showFog":true,"showMaterialUpdate":false,"showSkybox":false,"showFlares":true,"showImageEffects":true,"showParticleSystems":true},"in2DMode":false,"pivot":{"x":40.322601318359378,"y":0.8990447521209717,"z":12.445261001586914},"rotation":{"x":0.0493457168340683,"y":-0.8689876198768616,"z":0.08980962634086609,"w":0.48524922132492068},"size":1.2244930267333985,"orthographic":false}