{"cameraMode":{"drawMode":0,"name":"Shaded","section":"Shading Mode"},"sceneLighting":false,"audioPlay":false,"sceneViewState":{"showFog":true,"showMaterialUpdate":false,"showSkybox":false,"showFlares":true,"showImageEffects":true,"showParticleSystems":true},"in2DMode":false,"pivot":{"x":27.48744773864746,"y":1.2466251850128174,"z":2.9971139430999758},"rotation":{"x":-0.136188343167305,"y":-0.552035391330719,"z":0.09187102317810059,"w":-0.8176809549331665},"size":1.033360481262207,"orthographic":false}