{"cameraMode":{"drawMode":0,"name":"Shaded","section":"Shading Mode"},"sceneLighting":false,"audioPlay":false,"sceneViewState":{"showFog":true,"showMaterialUpdate":false,"showSkybox":false,"showFlares":true,"showImageEffects":true,"showParticleSystems":true},"in2DMode":false,"pivot":{"x":56.54167175292969,"y":1.2500026226043702,"z":14.593496322631836},"rotation":{"x":0.0944720208644867,"y":-0.7426742911338806,"z":0.1069280132651329,"w":0.6551036834716797},"size":1.77411949634552,"orthographic":false}