{"cameraMode":{"drawMode":0,"name":"Shaded","section":"Shading Mode"},"sceneLighting":false,"audioPlay":false,"sceneViewState":{"showFog":true,"showMaterialUpdate":false,"showSkybox":false,"showFlares":true,"showImageEffects":true,"showParticleSystems":true},"in2DMode":false,"pivot":{"x":353.9876403808594,"y":289.0458068847656,"z":2.78623104095459},"rotation":{"x":-0.028810130432248117,"y":-0.0006344146677292883,"z":0.006477131508290768,"w":-1.000185251235962},"size":372.9154052734375,"orthographic":false}