{"cameraMode":{"drawMode":0,"name":"Shaded","section":"Shading Mode"},"sceneLighting":false,"audioPlay":false,"sceneViewState":{"showFog":true,"showMaterialUpdate":false,"showSkybox":false,"showFlares":true,"showImageEffects":true,"showParticleSystems":true},"in2DMode":false,"pivot":{"x":-10.489999771118164,"y":1.1480439901351929,"z":-17.440000534057618},"rotation":{"x":0.2678133249282837,"y":-0.14320269227027894,"z":0.04299755394458771,"w":0.9524306654930115},"size":1.3046199083328248,"orthographic":false}