{"cameraMode":{"drawMode":0,"name":"Shaded","section":"Shading Mode"},"sceneLighting":false,"audioPlay":false,"sceneViewState":{"showFog":true,"showMaterialUpdate":false,"showSkybox":true,"showFlares":true,"showImageEffects":true,"showParticleSystems":true},"in2DMode":false,"pivot":{"x":55.46573257446289,"y":1.906308889389038,"z":3.210676908493042},"rotation":{"x":0.26512637734413149,"y":0.13105644285678864,"z":-0.043882645666599277,"w":0.9550116658210754},"size":7.174285411834717,"orthographic":false}