{"cameraMode":{"drawMode":0,"name":"Shaded","section":"Shading Mode"},"sceneLighting":false,"audioPlay":false,"sceneViewState":{"showFog":true,"showMaterialUpdate":false,"showSkybox":false,"showFlares":true,"showImageEffects":true,"showParticleSystems":true},"in2DMode":false,"pivot":{"x":267.74468994140627,"y":401.3542175292969,"z":64.01700592041016},"rotation":{"x":-0.028939789161086084,"y":0.020368091762065889,"z":0.005871107801795006,"w":-0.9999774694442749},"size":315.6402587890625,"orthographic":false}