{"cameraMode":{"drawMode":0,"name":"Shaded","section":"Shading Mode"},"sceneLighting":false,"audioPlay":false,"sceneViewState":{"showFog":true,"showMaterialUpdate":false,"showSkybox":false,"showFlares":true,"showImageEffects":true,"showParticleSystems":true},"in2DMode":false,"pivot":{"x":522.1357421875,"y":303.16644287109377,"z":-17.835397720336915},"rotation":{"x":-0.2420700341463089,"y":0.01762811280786991,"z":-0.004435681272298098,"w":-0.970259964466095},"size":114.75305938720703,"orthographic":false}