{"cameraMode":{"drawMode":0,"name":"Shaded","section":"Shading Mode"},"sceneLighting":false,"audioPlay":false,"sceneViewState":{"showFog":true,"showMaterialUpdate":false,"showSkybox":false,"showFlares":true,"showImageEffects":true,"showParticleSystems":true},"in2DMode":false,"pivot":{"x":-12.119999885559082,"y":0.9954115748405457,"z":3.582059860229492},"rotation":{"x":0.24228939414024354,"y":0.6835901737213135,"z":-0.26078641414642336,"w":0.6373810172080994},"size":1.189398169517517,"orthographic":false}