{"cameraMode":{"drawMode":0,"name":"Shaded","section":"Shading Mode"},"sceneLighting":false,"audioPlay":false,"sceneViewState":{"showFog":true,"showMaterialUpdate":false,"showSkybox":false,"showFlares":true,"showImageEffects":true,"showParticleSystems":true},"in2DMode":false,"pivot":{"x":-5.471915245056152,"y":-6.495886325836182,"z":2.938398599624634},"rotation":{"x":-0.3344569504261017,"y":0.4675194323062897,"z":-0.19406148791313172,"w":-0.7952948808670044},"size":4.958737850189209,"orthographic":false}