{"cameraMode":{"drawMode":0,"name":"Shaded","section":"Shading Mode"},"sceneLighting":false,"audioPlay":false,"sceneViewState":{"showFog":true,"showMaterialUpdate":false,"showSkybox":false,"showFlares":true,"showImageEffects":true,"showParticleSystems":true},"in2DMode":false,"pivot":{"x":0.10878263413906098,"y":0.11808356642723084,"z":0.004202873911708593},"rotation":{"x":-0.2573108971118927,"y":0.676263689994812,"z":-0.27645957469940188,"w":-0.633553147315979},"size":0.10188755393028259,"orthographic":false}