{"cameraMode":{"drawMode":0,"name":"Shaded","section":"Shading Mode"},"sceneLighting":false,"audioPlay":false,"sceneViewState":{"showFog":true,"showMaterialUpdate":false,"showSkybox":false,"showFlares":true,"showImageEffects":true,"showParticleSystems":true},"in2DMode":false,"pivot":{"x":-3.9137728214263918,"y":0.39277851581573489,"z":-23.149354934692384},"rotation":{"x":-0.26864132285118105,"y":0.30725347995758059,"z":-0.09276432543992996,"w":-0.9088376760482788},"size":0.9904195666313171,"orthographic":false}