{"cameraMode":{"drawMode":0,"name":"Shaded","section":"Shading Mode"},"sceneLighting":false,"audioPlay":false,"sceneViewState":{"showFog":true,"showMaterialUpdate":false,"showSkybox":false,"showFlares":true,"showImageEffects":true,"showParticleSystems":true},"in2DMode":false,"pivot":{"x":-8.440196990966797,"y":3.1294188499450685,"z":-34.1746940612793},"rotation":{"x":-0.3579806685447693,"y":-0.030770760029554368,"z":0.00914449617266655,"w":-0.9337955713272095},"size":0.5019103288650513,"orthographic":false}