{"cameraMode":{"drawMode":0,"name":"Shaded","section":"Shading Mode"},"sceneLighting":false,"audioPlay":false,"sceneViewState":{"showFog":true,"showMaterialUpdate":false,"showSkybox":false,"showFlares":true,"showImageEffects":true,"showParticleSystems":true},"in2DMode":false,"pivot":{"x":0.0,"y":-0.022130295634269716,"z":-0.011005233973264695},"rotation":{"x":-0.2929891049861908,"y":-0.453843891620636,"z":0.1622258871793747,"w":-0.8260878920555115},"size":0.14838314056396485,"orthographic":false}