{"cameraMode":{"drawMode":0,"name":"Shaded","section":"Shading Mode"},"sceneLighting":false,"audioPlay":false,"sceneViewState":{"showFog":true,"showMaterialUpdate":false,"showSkybox":false,"showFlares":true,"showImageEffects":true,"showParticleSystems":true},"in2DMode":false,"pivot":{"x":2.858985424041748,"y":1.076404094696045,"z":-19.877195358276368},"rotation":{"x":0.2678133249282837,"y":-0.14320269227027894,"z":0.04299755394458771,"w":0.9524306654930115},"size":1.320233702659607,"orthographic":false}