{"cameraMode":{"drawMode":0,"name":"Shaded","section":"Shading Mode"},"sceneLighting":false,"audioPlay":false,"sceneViewState":{"showFog":true,"showMaterialUpdate":false,"showSkybox":false,"showFlares":true,"showImageEffects":true,"showParticleSystems":true},"in2DMode":false,"pivot":{"x":55.47735595703125,"y":0.9999920129776001,"z":3.682995319366455},"rotation":{"x":-0.48043155670166018,"y":0.09600343555212021,"z":-0.052566803991794589,"w":-0.871032178401947},"size":1.30631422996521,"orthographic":false}